<?xml version="1.0" encoding="utf-8"?>
<extension
	type="module"
	version="3.0"
	client="site"
  method="upgrade">
	<name>mod_testwatchful</name>
	<author>watchful.li! Project</author>
	<creationDate>Nov 2013</creationDate>
	<copyright>Copyright (C) watchful.li! Project</copyright>
	<license>GNU General Public License version 2 or later; see LICENSE.txt</license>
	<authorEmail>admin@joomla.org</authorEmail>
	<authorUrl>www.joomla.org</authorUrl>
	<version>2.0.0</version>
	<description>Test module for watchful.li</description>
	<files>
		<filename module="mod_testwatchful">mod_testwatchful.php</filename>
	</files>
  <updateservers>
    <server type="extension" priority="1" name="TestModule">https://watchful.li/index.php?option=com_ars&amp;view=update&amp;task=stream&amp;format=xml&amp;id=15&amp;dummy=extension.xml</server>
  </updateservers>
</extension>
