<?xml version="1.0" encoding="utf-8"?>
<extension type="module" version="3.0" client="site" method="upgrade">
	<name>mod_testwatchful</name>
	<author>Watchful</author>
	<creationDate>2015-03-24</creationDate>
	<copyright>Copyright (C) Watchful</copyright>
	<license>GNU GPL v3 or later</license>
	<authorEmail>info@watchful.li</authorEmail>
	<authorUrl>www.watchful.li</authorUrl>
	<version>3.0.0</version>
	<description>Test module for watchful.li</description>
	<files>
		<filename module="mod_testwatchful">mod_testwatchful.php</filename>
	</files>
  <updateservers>
    <server type="extension" priority="1" name="TestModule">https://watchful.li/index.php?option=com_ars&amp;view=update&amp;task=stream&amp;format=xml&amp;id=15&amp;dummy=extension.xml</server>
  </updateservers>
</extension>
